"Unit_quarter","taxon_name","Bodymass.mg"
"U10qA","Autognethidae",0.00498454906816673
"U10qA","Entomobryidae_large",0.0543569646272433
"U10qA","Entomobryidae_medium",0.0124658172531357
"U10qA","Hypochthoniidae",0.0124808142290752
"U10qA","Isotomidae_large",0.0376716395226824
"U10qA","Isotomidae_medium",0.012465763660125
"U10qA","Onychiuridae",0.0107259383324597
"U10qA","Oppiidae",0.00300811076615137
"U10qA","Oribatida_juv",0.000730756669163391
"U10qA","Polydesmidae_small",0.643825921980474
"U10qA","Prostigmata_juv_undet",0.00144974703037862
"U10qA","Sminthurididae",0.0019834695581292
"U10qA","Staphylinidae_ad",0.241472408214671
"U10qB","Acaridae",0.0016212615684289
"U10qB","Autognethidae",0.00498454906816673
"U10qB","Brachychthoniidae",0.0016212615684289
"U10qB","Chironomidae_ad",0.243455809372782
"U10qB","Entomobryidae_medium",0.00548716789251486
"U10qB","Hypochthoniidae",0.0267180433340805
"U10qB","Isotomidae_large",0.0475025898869345
"U10qB","Isotomidae_medium",0.00794414219621462
"U10qB","Isotomidae_small",0.00351806211193009
"U10qB","Laelapidae",0.0269263894142542
"U10qB","Oppiidae",0.00300811076615137
"U10qB","Polydesmidae_small",0.78287474641261
"U10qB","Prostigmata_juv_undet",0.000207014134879104
"U10qB","Rhodacaridae",0.00642321806893905
"U10qB","Scutacaridae",0.000646344794455075
"U10qB","Tullbergiidae",0.00883531626023573
"U10qC","Elateridae_larva",2.50833754441117
"U10qC","Isotomidae_large",0.0514526952038941
"U10qC","Isotomidae_medium",0.0115716406280603
"U10qC","Isotomidae_small",0.00351806211193009
"U10qC","Macrochelidae",0.0269263894142542
"U10qC","Nematocera_larva",0.10959863137432
"U10qC","Oppiidae",0.00300811076615137
"U10qC","Oribatida_juv",0.000830114733854542
"U10qC","Prostigmata_juv_undet",0.00208126654285739
"U10qC","Rhodacaridae",0.0047447611269627
"U10qC","Staphylinidae_ad",0.281580976873223
"U10qC","Valloniidae",3.40893034894591
"U10qD","Isotomidae_large",0.0614857185806474
"U10qD","Isotomidae_medium",0.00882393691555505
"U10qD","Isotomidae_small",0.00351806211193009
"U10qD","Lithobiidae_large",2.77216062658225
"U10qD","Nematocera_larva",0.0639588163197231
"U10qD","Oribatida_juv",0.0016212615684289
"U10qD","Pygmephoridae",0.00144974703037862
"U10qD","Rhodacaridae",0.0037165110186855
"U10qD","Schendylidae",0.12495590311654
"U11qA","Blaniulidae_large",19.4563804266793
"U11qA","Blaniulidae_small",1.99804015171761
"U11qA","Campodeidae",0.266397974220845
"U11qA","Hypochthoniidae",0.013902875002751
"U11qA","Isotomidae_large",0.0288882004956968
"U11qA","Isotomidae_medium",0.00817359853495732
"U11qA","Isotomidae_small",0.00351806211193009
"U11qA","Lithobiidae_large",2.01321374424503
"U11qA","Lithobiidae_small",0.126008190621902
"U11qA","Oribatida_juv",0.00333065896596989
"U11qA","Pauropoda",0.00351806211193009
"U11qA","Prostigmata_juv_undet",0.0013351585480821
"U11qA","Sminthurididae",0.00225740344004616
"U11qA","Staphylinidae_ad",0.235492419933742
"U11qA","Stigmaeidae",0.0101527678451476
"U11qB","Acaridae",0.0016212615684289
"U11qB","Aphididae",0.612716268893733
"U11qB","Campodeidae",0.201247185594216
"U11qB","Entomobryidae_large",0.0288882004956968
"U11qB","Entomobryidae_medium",0.0109422182557698
"U11qB","Hypogastruridae",0.0104181949717906
"U11qB","Isotomidae_large",0.0426665028106389
"U11qB","Isotomidae_medium",0.00801993395714187
"U11qB","Prostigmata_juv_undet",0.000646344794455075
"U11qB","Protura",0.00548716789251486
"U11qB","Rhodacaridae",0.0209998505447389
"U11qC","Autognethidae",0.00498454906816673
"U11qC","Campodeidae",0.200310496343151
"U11qC","Ceratozetidae",0.00877929275512444
"U11qC","Hypogastruridae",0.0113128710147979
"U11qC","Isotomidae_large",0.0418538236666232
"U11qC","Isotomidae_medium",0.0094895039435937
"U11qC","Isotomidae_small",0.00351806211193009
"U11qC","Laelapidae",0.0159940077598148
"U11qC","Onychiuridae",0.00832292235748186
"U11qC","Oribatida_juv",0.0016212615684289
"U11qC","Prostigmata_juv_undet",0.00042667946466709
"U11qC","Rhodacaridae",0.0057730112352399
"U11qC","Schendylidae",0.337423156099576
"U11qC","Sminthurididae",0.0019834695581292
"U11qC","Staphylinidae_ad",0.253349075418586
"U11qC","Symphyla",0.15197780601371
"U11qC","Tectocepheidae",0.00763956240498698
"U11qD","Aphididae",0.111552249258483
"U11qD","Autognethidae",0.00498454906816673
"U11qD","Eupodidae",0.00697819447372571
"U11qD","Gamasina_juv",0.00116692433745341
"U11qD","Hypochthoniidae",0.0340000036419872
"U11qD","Isotomidae_large",0.0361001708857824
"U11qD","Isotomidae_medium",0.00858706698579837
"U11qD","Isotomidae_small",0.00300653126066313
"U11qD","Onychiuridae",0.00548716789251486
"U11qD","Oppiidae",0.00300811076615137
"U11qD","Oribatida_juv",0.000730756669163391
"U11qD","Prostigmata_juv_undet",0.000627530023647975
"U11qD","Protura",0.0115025282640886
"U11qD","Rhagidiidae",0.0189979951372542
"U11qD","Sminthurididae",0.00170870370479379
"U11qD","Staphylinidae_ad",0.317248907205509
"U11qD","Symphyla",0.189588979293856
"U12qA","Elateridae_larva",1.52770993453688
"U12qA","Hypochthoniidae",0.0248943305798905
"U12qA","Isotomidae_large",0.0345287022488825
"U12qA","Isotomidae_medium",0.00930797177829173
"U12qA","Katiannidae",0.00789000522412372
"U12qA","Lithobiidae_large",1.02821834491039
"U12qA","Lithobiidae_small",0.208967736321561
"U12qA","Prostigmata_juv_undet",0.00165991923040428
"U12qA","Protura",0.00548716789251486
"U12qA","Rhodacaridae",0.0037165110186855
"U12qA","Schendylidae",3.49630161462155
"U12qA","Staphylinidae_ad",2.13183351874599
"U12qB","Entomobryidae_large",0.0628136819778948
"U12qB","Entomobryidae_medium",0.0146425946452815
"U12qB","Geophilidae",0.140980018814739
"U12qB","Hypochthoniidae",0.0321324968554312
"U12qB","Isotomidae_medium",0.00991846797763165
"U12qB","Laelapidae",0.0139153199646305
"U12qB","Onychiuridae",0.00548716789251486
"U12qB","Oppiidae",0.00254582770024388
"U12qB","Oribatida_juv",0.00763956240498698
"U12qB","Pauropoda",0.00925387026147714
"U12qB","Prostigmata_juv_undet",0.000891710176354147
"U12qB","Protura",0.00663441260443635
"U12qB","Rhagidiidae",0.0101527678451476
"U12qB","Rhodacaridae",0.0037165110186855
"U12qB","Schendylidae",1.30837259356822
"U12qB","Scutacaridae",0.000646344794455075
"U12qB","Sminthurididae",0.0023399323759279
"U12qB","Symphyla",0.0416212182076614
"U12qC","Geophilidae",0.157925701810821
"U12qC","Hypogastruridae",0.0107259383324597
"U12qC","Isotomidae_large",0.0415251382023158
"U12qC","Isotomidae_medium",0.00939453734062646
"U12qC","Julidae",15.6551472562093
"U12qC","Lithobiidae_large",1.81874868509939
"U12qC","Neelidae",0.00118141441752619
"U12qC","Oppiidae",0.00300811076615137
"U12qC","Oribatida_juv",0.00726027478544123
"U12qC","Pauropoda",0.00548716789251486
"U12qC","Prostigmata_juv_undet",0.00207339517749391
"U12qC","Protoribatidae",0.0153249357764268
"U12qC","Protura",0.0113535059524008
"U12qC","Rhagidiidae",0.0316992298610638
"U12qC","Rhodacaridae",0.00518543974479579
"U12qC","Sminthurididae",0.00206516652259249
"U12qC","Staphylinidae_ad",0.257272910897182
"U12qD","Autognethidae",0.00498454906816673
"U12qD","Blaniulidae_small",5.25644030093064
"U12qD","Campodeidae",0.444686644092946
"U12qD","Entomobryidae_large",0.0263909016871261
"U12qD","Geophilidae",0.120898157229067
"U12qD","Hypochthoniidae",0.024751932963732
"U12qD","Hypogastruridae",0.00789000522412372
"U12qD","Isotomidae_large",0.0742543263094409
"U12qD","Isotomidae_medium",0.00903403498613092
"U12qD","Isotomidae_small",0.00275076583502964
"U12qD","Lithobiidae_large",7.10419100017272
"U12qD","Lithobiidae_small",0.161317375696966
"U12qD","Onychiuridae",0.0107259383324597
"U12qD","Oribatida_juv",0.00675455795938023
"U12qD","Polydesmidae_small",0.646989403078056
"U12qD","Schendylidae",1.32538720512854
"U12qD","Sminthurididae",0.00411896686377225
"U12qD","Staphylinidae_ad",0.269488698003729
"U12qD","Tullbergiidae",0.00493673739112646
"U13qA","Autognethidae",0.00498454906816673
"U13qA","Blaniulidae_small",1.12949990824424
"U13qA","Ceratozetidae",0.00832340061506946
"U13qA","Hypochthoniidae",0.0187873529789342
"U13qA","Hypogastruridae",0.0176950208541221
"U13qA","Isotomidae_large",0.0329784944186768
"U13qA","Isotomidae_medium",0.00882735071895925
"U13qA","Isotomidae_small",0.00351806211193009
"U13qA","Laelapidae",0.0118366321694462
"U13qA","Onychiuridae",0.00978062729634773
"U13qA","Oppiidae",0.0028752340839131
"U13qA","Oribatida_juv",0.00431189156821916
"U13qA","Polydesmidae_small",0.823940331015812
"U13qA","Prostigmata_juv_undet",0.000207014134879104
"U13qA","Protura",0.00868017546844805
"U13qA","Rhagidiidae",0.0189979951372542
"U13qA","Rhodacaridae",0.0047447611269627
"U13qA","Schendylidae",1.99535912833877
"U13qA","Staphylinidae_ad",0.23747605966003
"U13qA","Tectocepheidae",0.00763956240498698
"U13qA","Tullbergiidae",0.0107259383324597
"U13qA","Veigaiidae",0.0159940077598148
"U13qB","Autognethidae",0.00498454906816673
"U13qB","Blaniulidae_large",6.39512424568765
"U13qB","Blaniulidae_small",0.655751514225286
"U13qB","Ceratozetidae",0.0099190231052619
"U13qB","Elateridae_larva",8.22149497604017
"U13qB","Hypochthoniidae",0.00763956240498698
"U13qB","Isotomidae_large",0.0542041350828977
"U13qB","Isotomidae_medium",0.00834678325263748
"U13qB","Isotomidae_small",0.00351806211193009
"U13qB","Lithobiidae_large",4.95194019890579
"U13qB","Lithobiidae_small",0.116652325264139
"U13qB","Neelidae",0.001008159591762
"U13qB","Onychiuridae",0.02182729911843
"U13qB","Oppiidae",0.00309233778105035
"U13qB","Oribatida_juv",0.00149840175092157
"U13qB","Polydesmidae_small",0.820831774150923
"U13qB","Prostigmata_juv_undet",0.000207014134879104
"U13qB","Protura",0.0618196235586488
"U13qB","Sminthurididae",0.00249500040939616
"U13qB","Staphylinidae_ad",0.529872471881138
"U13qB","Symphyla",0.0426665028106389
"U13qB","Tullbergiidae",0.0081065531124873
"U13qC","Ceratozetidae",0.0110587534553994
"U13qC","Elateridae_larva",7.33932277119104
"U13qC","Entomobryidae_large",0.0630284296327139
"U13qC","Entomobryidae_medium",0.00789000522412372
"U13qC","Hypochthoniidae",0.0267180433340805
"U13qC","Isotomidae_large",0.0482481459814623
"U13qC","Isotomidae_medium",0.011595870523274
"U13qC","Julidae",27.0027700971374
"U13qC","Laelapidae",0.0292325654460973
"U13qC","Lithobiidae_large",1.00085566404579
"U13qC","Neelidae",0.000498624700018773
"U13qC","Oppiidae",0.0016212615684289
"U13qC","Oribatida_juv",0.000857971654772749
"U13qC","Prostigmata_juv_undet",0.000207014134879104
"U13qC","Protoribatidae",0.0153249357764268
"U13qC","Rhagidiidae",0.0248278110806474
"U13qC","Sminthurididae",0.00357237626527808
"U13qC","Staphylinidae_ad",0.378406944994873
"U13qD","Autognethidae",0.00498454906816673
"U13qD","Brachychthoniidae",0.00121089040846567
"U13qD","Ceratozetidae",0.0107658065131603
"U13qD","Entomobryidae_medium",0.02182729911843
"U13qD","Geophilidae",0.126938535704099
"U13qD","Hypochthoniidae",0.0184050735365236
"U13qD","Hypogastruridae",0.00351806211193009
"U13qD","Isotomidae_large",0.0845871730550445
"U13qD","Isotomidae_medium",0.0109863326870684
"U13qD","Isotomidae_small",0.00351806211193009
"U13qD","Laelapidae",0.0239631199794966
"U13qD","Neelidae",0.000498624700018773
"U13qD","Oppiidae",0.00300811076615137
"U13qD","Oribatida_juv",0.000730756669163391
"U13qD","Prostigmata_juv_undet",0.000963756023210708
"U13qD","Protoribatidae",0.0106912963439997
"U13qD","Pygmephoridae",0.00158107182724547
"U13qD","Rhodacaridae",0.0047447611269627
"U13qD","Scutacaridae",0.000646344794455075
"U13qD","Sminthurididae",0.00351806211193009
"U14qA","Brachychthoniidae",0.000730756669163391
"U14qA","Campodeidae",0.0962379965751952
"U14qA","Entomobryidae_medium",0.00852369773473704
"U14qA","Geophilidae",0.134979385960759
"U14qA","Hypochthoniidae",0.0253751622328696
"U14qA","Hypogastruridae",0.013189567892654
"U14qA","Isotomidae_large",0.0635810089488072
"U14qA","Isotomidae_medium",0.00991993242399845
"U14qA","Lithobiidae_large",4.24256240053143
"U14qA","Onychiuridae",0.0105958925196146
"U14qA","Oppiidae",0.00286942584637912
"U14qA","Oribatida_juv",0.0016212615684289
"U14qA","Oribatulidae",0.0203060322418568
"U14qA","Polydesmidae_small",0.597567333318113
"U14qA","Prostigmata_juv_undet",0.00236672558367553
"U14qA","Rhagidiidae",0.0165652759536164
"U14qA","Schendylidae",2.00890337455924
"U14qA","Symphyla",0.0638209537976978
"U14qA","Tectocepheidae",0.00763956240498698
"U14qA","Veigaiidae",0.0118366321694462
"U14qB","Brachychthoniidae",0.000730756669163391
"U14qB","Elateridae_larva",9.87260184731731
"U14qB","Gamasina_juv",0.0014270859071496
"U14qB","Geophilidae",0.104815631808868
"U14qB","Hypogastruridae",0.0105049603671207
"U14qB","Isotomidae_large",0.0638400817844697
"U14qB","Isotomidae_medium",0.0104320262236839
"U14qB","Isotomidae_small",0.0019834695581292
"U14qB","Laelapidae",0.00845445068486696
"U14qB","Lithobiidae_large",2.82535500597974
"U14qB","Lithobiidae_small",0.0784995940439761
"U14qB","Oppiidae",0.00273074092660687
"U14qB","Oribatida_juv",0.00132442660200706
"U14qB","Prostigmata_juv_undet",0.00164269926230664
"U14qB","Protura",0.00789000522412372
"U14qB","Pygmephoridae",0.00144974703037862
"U14qB","Rhodacaridae",0.00515606117027358
"U14qB","Sminthurididae",0.0019834695581292
"U14qC","Entomobryidae_medium",0.00723342470582982
"U14qC","Eupodidae",0.00697819447372571
"U14qC","Hypochthoniidae",0.0198339962463952
"U14qC","Hypogastruridae",0.0106297867353171
"U14qC","Isotomidae_large",0.0661819176114201
"U14qC","Isotomidae_medium",0.0105721665686229
"U14qC","Linyphiidae_juv",0.189034769353115
"U14qC","Onychiuridae",0.011466102569288
"U14qC","Oppiidae",0.00245337108706238
"U14qC","Oribatida_juv",0.00117600911879614
"U14qC","Polydesmidae_small",0.671285545773319
"U14qC","Prostigmata_juv_undet",0.00138099394100071
"U14qC","Rhodacaridae",0.0057730112352399
"U14qC","Scheloribatidae",0.0340000036419872
"U14qC","Schendylidae",3.02759417423931
"U14qC","Stigmaeidae",0.0101527678451476
"U14qC","Tectocepheidae",0.00498454906816673
"U14qD","Ceratozetidae",0.00832340061506946
"U14qD","Elateridae_larva",5.32715388568332
"U14qD","Entomobryidae_large",0.0393365939520012
"U14qD","Geophilidae",0.134939750231441
"U14qD","Hypochthoniidae",0.0226821326341434
"U14qD","Hypogastruridae",0.0113316438427967
"U14qD","Isotomidae_large",0.0447091660763606
"U14qD","Isotomidae_medium",0.00915425360746557
"U14qD","Julidae",14.0115542665322
"U14qD","Laelapidae",0.0114984140209882
"U14qD","Linyphiidae_ad",0.638262345248507
"U14qD","Linyphiidae_juv",0.220939790246147
"U14qD","Lithobiidae_large",3.02204182255637
"U14qD","Lithobiidae_small",0.155141853845847
"U14qD","Oppiidae",0.00300811076615137
"U14qD","Oribatida_juv",0.00357280742387004
"U14qD","Prostigmata_juv_undet",0.000879839556909297
"U14qD","Protura",0.014879086395458
"U14qD","Pygmephoridae",0.00144974703037862
"U14qD","Rhodacaridae",0.0057730112352399
"U15qA","Ceratozetidae",0.0110587534553994
"U15qA","Entomobryidae_large",0.0263909016871261
"U15qA","Entomobryidae_medium",0.0155158895794352
"U15qA","Isotomidae_large",0.0834048837258603
"U15qA","Isotomidae_medium",0.00817359853495732
"U15qA","Isotomidae_small",0.00351806211193009
"U15qA","Lithobiidae_large",2.59038082862393
"U15qA","Lithobiidae_small",0.135777022235438
"U15qA","Macrochelidae",0.0728366345423461
"U15qA","Oppiidae",0.00231468616729013
"U15qA","Oribatida_juv",0.00300811076615137
"U15qA","Prostigmata_juv_undet",0.00118989238799629
"U15qA","Protura",0.00548716789251486
"U15qA","Rhodacaridae",0.0057730112352399
"U15qA","Stigmaeidae",0.00697819447372571
"U15qA","Tectocepheidae",0.00498454906816673
"U15qA","Tullbergiidae",0.00930797177829173
"U15qB","Autognethidae",0.00498454906816673
"U15qB","Blaniulidae_large",18.9584306254161
"U15qB","Blaniulidae_small",1.67862506370498
"U15qB","Ceratozetidae",0.0110587534553994
"U15qB","Entomobryidae_medium",0.00789000522412372
"U15qB","Hypochthoniidae",0.0249929018214751
"U15qB","Hypogastruridae",0.0109855814264532
"U15qB","Isotomidae_large",0.0483897915905127
"U15qB","Isotomidae_medium",0.0090517748269148
"U15qB","Isotomidae_small",0.00351806211193009
"U15qB","Lithobiidae_large",3.65150563355435
"U15qB","Lithobiidae_small",0.264982907714828
"U15qB","Neelidae",0.000498624700018773
"U15qB","Onychiuridae",0.00548716789251486
"U15qB","Oppiidae",0.00208354463433639
"U15qB","Oribatida_juv",0.00180958091804684
"U15qB","Polydesmidae_small",0.601007209108024
"U15qB","Prostigmata_juv_undet",0.00452643703247195
"U15qB","Tectocepheidae",0.00763956240498698
"U15qB","Tullbergiidae",0.02182729911843
"U15qC","Blaniulidae_large",15.7628504463945
"U15qC","Blaniulidae_small",2.21209523179182
"U15qC","Campodeidae",0.10495186300007
"U15qC","Ceratozetidae",0.0110587534553994
"U15qC","Entomobryidae_large",0.0368107916792448
"U15qC","Hypochthoniidae",0.020518561580188
"U15qC","Hypogastruridae",0.00548716789251486
"U15qC","Isotomidae_large",0.0315290642235461
"U15qC","Isotomidae_medium",0.0103317293259536
"U15qC","Lithobiidae_large",2.46588068155737
"U15qC","Lithobiidae_small",0.177771217164581
"U15qC","Oppiidae",0.00300811076615137
"U15qC","Polydesmidae_small",0.790694874983085
"U15qC","Prostigmata_juv_undet",0.00118194628507077
"U15qC","Staphylinidae_ad",0.253349075418586
"U15qC","Symphyla",0.0825560576854145
"U15qC","Valloniidae",4.41278513028281
"U15qD","Ceratozetidae",0.0110587534553994
"U15qD","Gamasina_juv",0.0050875111630551
"U15qD","Isotomidae_large",0.0607439494381085
"U15qD","Isotomidae_medium",0.0111102957862719
"U15qD","Laelapidae",0.0239084379652926
"U15qD","Linyphiidae_ad",0.725738799899973
"U15qD","Linyphiidae_juv",0.160801437692651
"U15qD","Onychiuridae",0.00789000522412372
"U15qD","Oribatida_juv",0.000730756669163391
"U15qD","Pauropoda",0.00309364363927508
"U15qD","Prostigmata_juv_undet",0.00170235483537012
"U15qD","Protura",0.0169452806356327
"U15qD","Rhagidiidae",0.0248278110806474
"U15qD","Rhodacaridae",0.0057730112352399
"U16qA","Blaniulidae_large",33.6214000759847
"U16qA","Ceratozetidae",0.0110587534553994
"U16qA","Elateridae_larva",4.83595522829912
"U16qA","Isotomidae_medium",0.0120833119747843
"U16qA","Isotomidae_small",0.0019834695581292
"U16qA","Julidae",76.7476922890861
"U16qA","Katiannidae",0.00548716789251486
"U16qA","Lithobiidae_large",3.0841899543079
"U16qA","Lithobiidae_small",0.346069357227545
"U16qA","Oppiidae",0.00300811076615137
"U16qA","Oribatida_juv",0.0016212615684289
"U16qA","Polydesmidae_small",0.402282384257967
"U16qA","Prostigmata_juv_undet",0.000914145539762922
"U16qA","Pygmephoridae",0.00144974703037862
"U16qA","Sminthurididae",0.0019834695581292
"U16qB","Ceratozetidae",0.00763956240498698
"U16qB","Eupodidae",0.00144974703037862
"U16qB","Geophilidae",0.0845288195330776
"U16qB","Hypochthoniidae",0.0153249357764268
"U16qB","Isotomidae_large",0.0489523773582387
"U16qB","Isotomidae_medium",0.0119067137149789
"U16qB","Isotomidae_small",0.00351806211193009
"U16qB","Julidae",69.4023116536865
"U16qB","Lithobiidae_large",3.88275899583673
"U16qB","Lithobiidae_small",0.286702087997033
"U16qB","Oppiidae",0.00236367099243239
"U16qB","Oribatida_juv",0.0016212615684289
"U16qB","Polydesmidae_large",1.81312397029025
"U16qB","Polydesmidae_small",0.643825921980474
"U16qB","Prostigmata_juv_undet",0.00177058331898251
"U16qB","Rhagidiidae",0.0131011769425165
"U16qB","Schendylidae",5.83124986405926
"U16qB","Sminthurididae",0.0019834695581292
"U16qC","Aphididae",0.0926630240583862
"U16qC","Blaniulidae_large",15.3923982048719
"U16qC","Blaniulidae_small",1.31511717980372
"U16qC","Campodeidae",0.115193096487273
"U16qC","Hypogastruridae",0.0176950208541221
"U16qC","Isotomidae_large",0.0263909016871261
"U16qC","Isotomidae_medium",0.00883531626023573
"U16qC","Laelapidae",0.0118366321694462
"U16qC","Lithobiidae_large",5.81814431722339
"U16qC","Lithobiidae_small",0.348468863880525
"U16qC","Oppiidae",0.00300811076615137
"U16qC","Oribatida_juv",0.000730756669163391
"U16qC","Prostigmata_juv_undet",0.000646344794455075
"U16qC","Rhodacaridae",0.0037165110186855
"U16qC","Scheloribatidae",0.0424394745215006
"U16qC","Schendylidae",1.35438041075645
"U16qC","Symphyla",0.0824529005458635
"U16qC","Tectocepheidae",0.00631205573657686
"U16qD","Blaniulidae_large",19.0781893433292
"U16qD","Blaniulidae_small",2.1795680465071
"U16qD","Campodeidae",0.702783184803164
"U16qD","Hypochthoniidae",0.0340000036419872
"U16qD","Isotomidae_medium",0.00799827916830551
"U16qD","Lithobiidae_large",2.23875841796714
"U16qD","Lithobiidae_small",0.181516419527706
"U16qD","Oppiidae",0.00286942584637912
"U16qD","Oribatida_juv",0.000730756669163391
"U16qD","Parasitidae",0.0338449175097835
"U16qD","Prostigmata_juv_undet",0.00172829395162694
"U16qD","Protura",0.0730068107867604
"U16qD","Rhagidiidae",0.0105553756218521
"U16qD","Schendylidae",2.33962167285999
"U16qD","Tectocepheidae",0.00763956240498698
"U17qA","Elateridae_larva",6.77313951409368
"U17qA","Entomobryidae_large",0.0868263913439432
"U17qA","Eupodidae",0.00697819447372571
"U17qA","Hypochthoniidae",0.00763956240498698
"U17qA","Hypogastruridae",0.0107259383324597
"U17qA","Isotomidae_large",0.0480659731907793
"U17qA","Isotomidae_medium",0.00740943775780195
"U17qA","Oppiidae",0.00249797383916929
"U17qA","Oribatida_juv",0.000730756669163391
"U17qA","Pauropoda",0.0153349135110611
"U17qA","Prostigmata_juv_undet",0.00110543178641138
"U17qA","Protura",0.0153619094101119
"U17qA","Pygmephoridae",0.00144974703037862
"U17qA","Rhagidiidae",0.0157543695590704
"U17qA","Rhodacaridae",0.00536171119192902
"U17qA","Sminthurididae",0.0019834695581292
"U17qA","Staphylinidae_ad",0.249196741261299
"U17qA","Tullbergiidae",0.00643269085339251
"U17qB","Blaniulidae_small",0.462360409731445
"U17qB","Campodeidae",0.115907967653468
"U17qB","Ceratozetidae",0.0110587534553994
"U17qB","Entomobryidae_medium",0.0107259383324597
"U17qB","Geophilidae",0.104815631808868
"U17qB","Hypochthoniidae",0.024977398314347
"U17qB","Hypogastruridae",0.0176950208541221
"U17qB","Isotomidae_medium",0.00930797177829173
"U17qB","Lithobiidae_large",4.38915573715149
"U17qB","Oppiidae",0.0016212615684289
"U17qB","Oribatida_juv",0.0016212615684289
"U17qB","Polydesmidae_small",0.809674808626741
"U17qB","Prostigmata_juv_undet",0.00126193677148611
"U17qB","Protura",0.0139944312874158
"U17qB","Pygmephoridae",0.00413458886146601
"U17qB","Staphylinidae_ad",0.22948336255075
"U17qB","Symphyla",0.0457556848918263
"U17qC","Arrhopalitidae",0.00789000522412372
"U17qC","Blaniulidae_large",13.3833049830502
"U17qC","Blaniulidae_small",0.832825487844499
"U17qC","Eupodidae",0.00271278605533616
"U17qC","Hypochthoniidae",0.0188883983947399
"U17qC","Hypogastruridae",0.0100691791707968
"U17qC","Isotomidae_large",0.0385975361120569
"U17qC","Isotomidae_medium",0.00850693667940427
"U17qC","Isotomidae_small",0.00351806211193009
"U17qC","Lithobiidae_large",2.0070949374372
"U17qC","Oppiidae",0.00386345323492078
"U17qC","Oribatida_juv",0.000730756669163391
"U17qC","Prostigmata_juv_undet",0.00118194628507077
"U17qC","Pygmephoridae",0.00229177304701698
"U17qC","Sminthurididae",0.0019834695581292
"U17qC","Staphylinidae_ad",0.235492419933742
"U17qC","Symphyla",0.0229277765152981
"U17qC","Tullbergiidae",0.0107259383324597
"U17qD","Blaniulidae_large",14.0532862396417
"U17qD","Blaniulidae_small",0.449974906140195
"U17qD","Hypochthoniidae",0.0110545550412923
"U17qD","Isotomidae_large",0.104979857808938
"U17qD","Isotomidae_medium",0.00653492198050384
"U17qD","Lithobiidae_large",1.0650520958617
"U17qD","Lithobiidae_small",0.0541944921018128
"U17qD","Onychiuridae",0.0107259383324597
"U17qD","Oppiidae",0.00300811076615137
"U17qD","Oribatida_juv",0.0016212615684289
"U17qD","Parasitidae",0.123011290570538
"U17qD","Pauropoda",0.00604724177343567
"U17qD","Polydesmidae_small",0.475275411577934
"U17qD","Prostigmata_juv_undet",0.00144974703037862
"U17qD","Rhodacaridae",0.0057730112352399
"U17qD","Scutacaridae",0.000207014134879104
"U17qD","Sminthurididae",0.000884406144787571
"U17qD","Symphyla",0.0452454645283394
"U17qD","Tectocepheidae",0.00763956240498698
"U18qA","Campodeidae",0.398033803070235
"U18qA","Ceratozetidae",0.0110587534553994
"U18qA","Elateridae_larva",4.52149549235096
"U18qA","Entomobryidae_medium",0.00803437048303277
"U18qA","Eupodidae",0.00534368951288987
"U18qA","Gamasina_juv",0.0209998505447389
"U18qA","Geophilidae",0.114902269035678
"U18qA","Hypochthoniidae",0.0237867946011955
"U18qA","Hypogastruridae",0.0100242466608143
"U18qA","Isotomidae_medium",0.00935122776295374
"U18qA","Isotomidae_small",0.00326229668629661
"U18qA","Laelapidae",0.0338449175097835
"U18qA","Lithobiidae_large",2.5623892307636
"U18qA","Onychiuridae",0.00641301694511091
"U18qA","Oppiidae",0.00286942584637912
"U18qA","Oribatida_juv",0.00129744160505962
"U18qA","Parasitidae",0.0560960287883134
"U18qA","Pauropoda",0.00790567639377084
"U18qA","Polydesmidae_small",0.660028671316276
"U18qA","Prostigmata_juv_undet",0.000865136992829172
"U18qA","Protura",0.0107259383324597
"U18qA","Rhodacaridae",0.0047447611269627
"U18qA","Schendylidae",3.54036875151447
"U18qA","Tectocepheidae",0.00763956240498698
"U18qA","Valloniidae",4.69458879780831
"U18qB","Aphididae",0.155522700978985
"U18qB","Autognethidae",0.00739819755618514
"U18qB","Elateridae_larva",5.21835489030153
"U18qB","Hypochthoniidae",0.0267180433340805
"U18qB","Hypogastruridae",0.00817884170432465
"U18qB","Isotomidae_large",0.0703886814938992
"U18qB","Isotomidae_medium",0.00628811366971782
"U18qB","Isotomidae_small",0.00351806211193009
"U18qB","Lithobiidae_small",0.815566983923692
"U18qB","Neelidae",0.000498624700018773
"U18qB","Onychiuridae",0.0107259383324597
"U18qB","Oppiidae",0.00231468616729013
"U18qB","Oribatida_juv",0.00117600911879614
"U18qB","Oribatulidae",0.020518561580188
"U18qB","Prostigmata_juv_undet",0.00535828544645264
"U18qB","Protoribatidae",0.00825800571468656
"U18qB","Pygmephoridae",0.000646344794455075
"U18qB","Rhodacaridae",0.0037165110186855
"U18qB","Staphylinidae_ad",0.253349075418586
"U18qB","Symphyla",0.0435933776824356
"U18qB","Tectocepheidae",0.00586955351377348
"U18qC","Aphididae",0.0446108921544148
"U18qC","Astegistidae",0.00300811076615137
"U18qC","Campodeidae",0.231701037098427
"U18qC","Entomobryidae_medium",0.00789000522412372
"U18qC","Geophilidae",0.114902269035678
"U18qC","Hypochthoniidae",0.0117450432082909
"U18qC","Hypogastruridae",0.0122063667226139
"U18qC","Isotomidae_large",0.0263909016871261
"U18qC","Isotomidae_medium",0.00807554113842007
"U18qC","Laelapidae",0.0124305429680703
"U18qC","Onychiuridae",0.0103825992950717
"U18qC","Oppiidae",0.00300811076615137
"U18qC","Oribatida_juv",0.00163147993819374
"U18qC","Oribatulidae",0.020518561580188
"U18qC","Pauropoda",0.014879086395458
"U18qC","Polydesmidae_small",0.737737436572498
"U18qC","Prostigmata_juv_undet",0.00381226963409039
"U18qC","Protura",0.0115025282640886
"U18qC","Schendylidae",0.28440173771649
"U18qC","Symphyla",0.0539489345083723
"U18qC","Tectocepheidae",0.00763956240498698
"U18qC","Tullbergiidae",0.00548716789251486
"U18qD","Aphididae",0.202716428335021
"U18qD","Ceratozetidae",0.0110587534553994
"U18qD","Elateridae_larva",0.676738095276349
"U18qD","Gamasina_juv",0.0037165110186855
"U18qD","Hypogastruridae",0.0128792085734939
"U18qD","Isotomidae_medium",0.00803437048303277
"U18qD","Laelapidae",0.0298969391146089
"U18qD","Oppiidae",0.00231468616729013
"U18qD","Oribatida_juv",0.00324394640786852
"U18qD","Pauropoda",0.0123061452470588
"U18qD","Prostigmata_juv_undet",0.000646344794455075
"U18qD","Rhagidiidae",0.0189979951372542
"U18qD","Rhodacaridae",0.0037165110186855
"U18qD","Symphyla",0.059688468632091
"U19qA","Autognethidae",0.00535330092050287
"U19qA","Blaniulidae_small",0.801664027596972
"U19qA","Campodeidae",0.327972453060906
"U19qA","Ceratozetidae",0.0110587534553994
"U19qA","Entomobryidae_large",0.0368107916792448
"U19qA","Entomobryidae_medium",0.0154596622846919
"U19qA","Hypogastruridae",0.00701463517465374
"U19qA","Isotomidae_large",0.0623463124225309
"U19qA","Isotomidae_medium",0.00983732939057158
"U19qA","Isotomidae_small",0.00351806211193009
"U19qA","Laelapidae",0.00923495410438523
"U19qA","Lithobiidae_small",0.548090964686589
"U19qA","Onychiuridae",0.00871264004562079
"U19qA","Oppiidae",0.00317546037960625
"U19qA","Oribatida_juv",0.00332445363133985
"U19qA","Prostigmata_juv_undet",0.000646344794455075
"U19qA","Rhagidiidae",0.0203568338411563
"U19qA","Rhodacaridae",0.0159940077598148
"U19qA","Scheloribatidae",0.0382197390817439
"U19qA","Sminthurididae",0.0019834695581292
"U19qA","Tectocepheidae",0.00675455795938023
"U19qA","Tullbergiidae",0.00548716789251486
"U19qB","Autognethidae",0.00399632991715905
"U19qB","Chironomidae_ad",0.170548801349287
"U19qB","Elateridae_larva",6.23390146301648
"U19qB","Hypochthoniidae",0.0267180433340805
"U19qB","Hypogastruridae",0.0110504921999516
"U19qB","Isotomidae_large",0.0371455050808554
"U19qB","Isotomidae_medium",0.00989441784429381
"U19qB","Laelapidae",0.0509389547929162
"U19qB","Nematocera_larva",0.124843967669399
"U19qB","Onychiuridae",0.00548716789251486
"U19qB","Oppiidae",0.00280998945219101
"U19qB","Oribatida_juv",0.0016212615684289
"U19qB","Prostigmata_juv_undet",0.0015608275794324
"U19qB","Rhodacaridae",0.0037165110186855
"U19qB","Sminthurididae",0.00137941993268527
"U19qB","Staphylinidae_ad",0.253349075418586
"U19qC","Autognethidae",0.00498454906816673
"U19qC","Ceratozetidae",0.0110587534553994
"U19qC","Elateridae_larva",2.67976852690405
"U19qC","Entomobryidae_medium",0.00928155000633384
"U19qC","Hypochthoniidae",0.0227858697936849
"U19qC","Isotomidae_large",0.0368107916792448
"U19qC","Isotomidae_medium",0.00873118809876784
"U19qC","Isotomidae_small",0.00351806211193009
"U19qC","Laelapidae",0.0138299604163375
"U19qC","Lithobiidae_large",2.54397119260391
"U19qC","Lithobiidae_small",0.10131297204392
"U19qC","Onychiuridae",0.00548716789251486
"U19qC","Oppiidae",0.00265288182792156
"U19qC","Oribatida_juv",0.000797349444000811
"U19qC","Pauropoda",0.00988597059057405
"U19qC","Prostigmata_juv_undet",0.000979336609033747
"U19qC","Rhagidiidae",0.0248278110806474
"U19qC","Schendylidae",0.303538796720844
"U19qC","Symphyla",0.102117542564448
"U19qD","Brachychthoniidae",0.000730756669163391
"U19qD","Ceratozetidae",0.0107479179053619
"U19qD","Elateridae_larva",11.8491502513293
"U19qD","Entomobryidae_medium",0.00628811366971782
"U19qD","Geophilidae",3.30931985671624
"U19qD","Hypochthoniidae",0.0228419796322303
"U19qD","Isotomidae_large",0.0956887398120276
"U19qD","Isotomidae_medium",0.00773634064630827
"U19qD","Lithobiidae_large",1.69190231130061
"U19qD","Lithobiidae_small",0.275968268802537
"U19qD","Neelidae",0.000884406144787571
"U19qD","Oppiidae",0.00273074092660687
"U19qD","Oribatida_juv",0.00208354463433639
"U19qD","Prostigmata_juv_undet",0.00082838058262886
"U19qD","Protura",0.0157907406266642
"U19qD","Rhodacaridae",0.0057730112352399
"U19qD","Scutacaridae",0.000646344794455075
"U1qA","Aphididae",0.100752758705596
"U1qA","Entomobryidae_large",0.0368107916792448
"U1qA","Gamasina_juv",0.000512970897787682
"U1qA","Hypogastruridae",0.00548716789251486
"U1qA","Isotomidae_medium",0.00906768804513084
"U1qA","Lithobiidae_small",0.143352315350589
"U1qA","Neelidae",0.0019834695581292
"U1qA","Pauropoda",0.00909417957077867
"U1qA","Protura",0.00720706103465694
"U1qA","Pygmephoridae",0.00107846286204991
"U1qA","Rhodacaridae",0.0037165110186855
"U1qA","Schendylidae",0.715505587031094
"U1qA","Sminthurididae",0.00351806211193009
"U1qA","Symphyla",0.0732080248784499
"U1qA","Tullbergiidae",0.0131773080486768
"U1qA","Tydaeidae",0.00271278605533616
"U1qB","Elateridae_larva",7.69353043116987
"U1qB","Entomobryidae_medium",0.00789000522412372
"U1qB","Isotomidae_large",0.0401689383312531
"U1qB","Isotomidae_medium",0.0148586521712769
"U1qB","Julidae",64.4988763851613
"U1qB","Laelapidae",0.0159940077598148
"U1qB","Lithobiidae_large",3.62443577441646
"U1qB","Lithobiidae_small",0.34990424260244
"U1qB","Protura",0.0123061452470588
"U1qB","Schendylidae",0.76232558055774
"U1qB","Tullbergiidae",0.0126801351144682
"U1qC","Aphididae",0.173549490531159
"U1qC","Ceratozetidae",0.00763956240498698
"U1qC","Eupodidae",0.00697819447372571
"U1qC","Isotomidae_large",0.0263909016871261
"U1qC","Isotomidae_medium",0.00773634064630827
"U1qC","Isotomidae_small",0.00351806211193009
"U1qC","Laelapidae",0.0057730112352399
"U1qC","Lithobiidae_large",1.51041581928014
"U1qC","Oppiidae",0.00349818503658748
"U1qC","Oribatida_juv",0.0016212615684289
"U1qC","Rhodacaridae",0.00845445068486696
"U1qC","Symphyla",0.0587215398820352
"U1qC","Tullbergiidae",0.00469952558028095
"U1qC","Tydaeidae",0.00289632337272891
"U1qC","Veigaiidae",0.0139153199646305
"U1qD","Ceratozetidae",0.00763956240498698
"U1qD","Isotomidae_large",0.0370260010574532
"U1qD","Isotomidae_medium",0.011639080184449
"U1qD","Isotomidae_small",0.00351806211193009
"U1qD","Laelapidae",0.0209998505447389
"U1qD","Lithobiidae_large",2.26003537195739
"U1qD","Lithobiidae_small",0.205991341867846
"U1qD","Oppiidae",0.00586955351377348
"U1qD","Oribatida_juv",0.000730756669163391
"U1qD","Prostigmata_juv_undet",0.00144974703037862
"U1qD","Protura",0.00658739359145566
"U1qD","Rhodacaridae",0.0054302611991475
"U1qD","Schendylidae",2.6907868192856
"U1qD","Tydaeidae",0.00452643703247195
"U20qA","Blaniulidae_large",22.2158302139702
"U20qA","Blaniulidae_small",1.49187576041498
"U20qA","Campodeidae",0.288799533832299
"U20qA","Ceratozetidae",0.0110587534553994
"U20qA","Entomobryidae_medium",0.0141384634913325
"U20qA","Eupodidae",0.00271278605533616
"U20qA","Gamasina_juv",0.0230752525363015
"U20qA","Hypogastruridae",0.00351806211193009
"U20qA","Isotomidae_large",0.0925152577288742
"U20qA","Isotomidae_medium",0.0127492698560568
"U20qA","Lithobiidae_large",0.980440246047625
"U20qA","Lithobiidae_small",0.374325298898091
"U20qA","Oppiidae",0.00286942584637912
"U20qA","Parasitidae",0.0707873450698345
"U20qA","Rhagidiidae",0.0189979951372542
"U20qA","Rhodacaridae",0.0044020110908703
"U20qA","Schendylidae",1.32807444273507
"U20qA","Stigmaeidae",0.00697819447372571
"U20qA","Symphyla",0.20808404221317
"U20qA","Tullbergiidae",0.00930797177829173
"U20qA","Valloniidae",2.47361858868312
"U20qA","Veigaiidae",0.0118366321694462
"U20qB","Autognethidae",0.00498454906816673
"U20qB","Ceratozetidae",0.0110587534553994
"U20qB","Entomobryidae_medium",0.0107259383324597
"U20qB","Isotomidae_large",0.0427623342259533
"U20qB","Isotomidae_medium",0.0108316098296209
"U20qB","Isotomidae_small",0.00351806211193009
"U20qB","Oppiidae",0.00251232999749167
"U20qB","Oribatida_juv",0.00228459458779287
"U20qB","Prostigmata_juv_undet",0.00144974703037862
"U20qB","Protura",0.0081065531124873
"U20qB","Rhodacaridae",0.0044020110908703
"U20qB","Tectocepheidae",0.00763956240498698
"U20qC","Brachychthoniidae",0.000730756669163391
"U20qC","Ceratozetidae",0.0110587534553994
"U20qC","Elateridae_larva",7.90063494949562
"U20qC","Geophilidae",0.104815631808868
"U20qC","Isotomidae_large",0.0676624005072596
"U20qC","Isotomidae_medium",0.00941375046147433
"U20qC","Isotomidae_small",0.00351806211193009
"U20qC","Laelapidae",0.0249194626347992
"U20qC","Oppiidae",0.00300811076615137
"U20qC","Oribatida_juv",0.00058357841360409
"U20qC","Prostigmata_juv_undet",0.000646344794455075
"U20qC","Rhodacaridae",0.00880482170234303
"U20qD","Campodeidae",0.57089653969457
"U20qD","Chironomidae_ad",0.38898044148506
"U20qD","Gamasina_juv",0.0118366321694462
"U20qD","Hypochthoniidae",0.0303590234880338
"U20qD","Hypogastruridae",0.00861169827256943
"U20qD","Isotomidae_large",0.0522454459908417
"U20qD","Isotomidae_medium",0.0106153226367872
"U20qD","Isotomidae_small",0.0019834695581292
"U20qD","Julidae",9.74044431143052
"U20qD","Laelapidae",0.00845445068486696
"U20qD","Lithobiidae_small",0.404929033989668
"U20qD","Oppiidae",0.00300811076615137
"U20qD","Oribatida_juv",0.00312583677756842
"U20qD","Parasitidae",0.0502339929165055
"U20qD","Pauropoda",0.0107259383324597
"U20qD","Polydesmidae_large",13.5852842667839
"U20qD","Prostigmata_juv_undet",0.00181721841294018
"U20qD","Rhagidiidae",0.0248278110806474
"U20qD","Rhodacaridae",0.0057730112352399
"U20qD","Scheloribatidae",0.0340000036419872
"U20qD","Schendylidae",1.4433403823887
"U20qD","Tectocepheidae",0.00763956240498698
"U20qD","Tullbergiidae",0.00351806211193009
"U21qA","Entomobryidae_medium",0.010747337715054
"U21qA","Eupodidae",0.00271278605533616
"U21qA","Gamasina_juv",0.00116692433745341
"U21qA","Geophilidae",0.127941143925209
"U21qA","Isotomidae_medium",0.0107450107453951
"U21qA","Isotomidae_small",0.00351806211193009
"U21qA","Laelapidae",0.0249015223808668
"U21qA","Lithobiidae_large",2.58524834681938
"U21qA","Lithobiidae_small",0.191201671870474
"U21qA","Oppiidae",0.0016212615684289
"U21qA","Prostigmata_juv_undet",0.00168866294121004
"U21qA","Protura",0.012635157964275
"U21qA","Rhodacaridae",0.00518543974479579
"U21qA","Valloniidae",5.08578812981529
"U21qB","Entomobryidae_medium",0.02182729911843
"U21qB","Hypochthoniidae",0.0110587534553994
"U21qB","Isotomidae_large",0.120202062978196
"U21qB","Isotomidae_medium",0.00943779332528846
"U21qB","Isotomidae_small",0.0019834695581292
"U21qB","Laelapidae",0.0310775062715718
"U21qB","Lithobiidae_large",1.94535521054259
"U21qB","Lithobiidae_small",0.162034896771997
"U21qB","Polydesmidae_small",0.796671132158813
"U21qB","Prostigmata_juv_undet",0.00145786948216183
"U21qB","Protura",0.0133061510303004
"U21qB","Rhodacaridae",0.0057730112352399
"U21qB","Schendylidae",3.02759417423931
"U21qB","Tullbergiidae",0.0118118372463194
"U21qC","Aphididae",0.12401859612633
"U21qC","Autognethidae",0.00498454906816673
"U21qC","Blaniulidae_large",25.3465064371653
"U21qC","Ceratozetidae",0.0110587534553994
"U21qC","Gamasina_juv",0.00116692433745341
"U21qC","Hypochthoniidae",0.0157886575177937
"U21qC","Hypogastruridae",0.0116152136161582
"U21qC","Isotomidae_large",0.0744872391861204
"U21qC","Isotomidae_medium",0.00749605691314738
"U21qC","Isotomidae_small",0.00351806211193009
"U21qC","Onychiuridae",0.00832292235748186
"U21qC","Oppiidae",0.00379868608695751
"U21qC","Oribatida_juv",0.000985186640382107
"U21qC","Prostigmata_juv_undet",0.00130466413598536
"U21qC","Protura",0.0139944312874158
"U21qC","Pygmephoridae",0.00144974703037862
"U21qC","Rhagidiidae",0.0271182840074528
"U21qC","Rhodacaridae",0.00385340097221226
"U21qC","Scutacaridae",0.00144974703037862
"U21qD","Acaridae",0.00269609515312964
"U21qD","Autognethidae",0.00498454906816673
"U21qD","Blaniulidae_small",0.264173281087185
"U21qD","Ceratozetidae",0.010814525523227
"U21qD","Entomobryidae_large",0.0313854993042674
"U21qD","Entomobryidae_medium",0.0139944312874158
"U21qD","Eupodidae",0.00271278605533616
"U21qD","Gamasina_juv",0.0057730112352399
"U21qD","Hypogastruridae",0.0144880027617968
"U21qD","Isotomidae_large",0.0263909016871261
"U21qD","Isotomidae_medium",0.00935122776295374
"U21qD","Laelapidae",0.0183780474021227
"U21qD","Neelidae",0.000498624700018773
"U21qD","Onychiuridae",0.00930115456136344
"U21qD","Oppiidae",0.00285158110931095
"U21qD","Oribatida_juv",0.00376120238388682
"U21qD","Parasitidae",0.0289099445158152
"U21qD","Prostigmata_juv_undet",0.0023414099917558
"U21qD","Rhagidiidae",0.00827732424092236
"U21qD","Rhodacaridae",0.0037165110186855
"U21qD","Staphylinidae_ad",0.259247556243309
"U21qD","Stigmaeidae",0.00909457672134028
"U21qD","Tectocepheidae",0.00763956240498698
"U22qA","Blaniulidae_small",0.399126897303136
"U22qA","Campodeidae",0.0745788957034815
"U22qA","Ceratozetidae",0.0110587534553994
"U22qA","Chironomidae_ad",0.170548801349287
"U22qA","Elateridae_larva",7.30870505260953
"U22qA","Entomobryidae_large",0.0263909016871261
"U22qA","Entomobryidae_medium",0.00679686050250108
"U22qA","Eupodidae",0.00271278605533616
"U22qA","Gamasina_juv",0.00918001007676488
"U22qA","Hypochthoniidae",0.0188438752873148
"U22qA","Hypogastruridae",0.0100362144997106
"U22qA","Isotomidae_medium",0.00981992730687686
"U22qA","Macrochelidae",0.0728366345423461
"U22qA","Onychiuridae",0.00946916321801781
"U22qA","Oppiidae",0.00286942584637912
"U22qA","Oribatida_juv",0.00191853817696543
"U22qA","Parasitidae",0.0616762307063243
"U22qA","Polydesmidae_small",0.470638854162412
"U22qA","Prostigmata_juv_undet",0.000967705688824491
"U22qA","Pygmephoridae",0.00118194628507077
"U22qA","Rhagidiidae",0.0141325567699785
"U22qA","Rhodacaridae",0.0057730112352399
"U22qA","Schendylidae",1.69646861439267
"U22qA","Staphylinidae_ad",0.253349075418586
"U22qA","Tectocepheidae",0.00604655440289483
"U22qA","Tullbergiidae",0.02182729911843
"U22qA","Valloniidae",2.95502509833524
"U22qB","Entomobryidae_medium",0.00857911930885879
"U22qB","Hypochthoniidae",0.0159980916031385
"U22qB","Hypogastruridae",0.00854381100113636
"U22qB","Isotomidae_large",0.0628136819778948
"U22qB","Isotomidae_medium",0.00863043015648179
"U22qB","Laelapidae",0.0120950302047093
"U22qB","Lithobiidae_large",2.22727646644556
"U22qB","Neelidae",0.000627218514941705
"U22qB","Onychiuridae",0.00728929589122151
"U22qB","Oppiidae",0.00325516555390329
"U22qB","Oribatida_juv",0.00117600911879614
"U22qB","Parasitidae",0.0418258812718156
"U22qB","Polydesmidae_small",0.565314032611276
"U22qB","Prostigmata_juv_undet",0.00220750961910188
"U22qB","Rhagidiidae",0.0182177829790226
"U22qB","Rhodacaridae",0.00518543974479579
"U22qB","Schendylidae",2.76181836004651
"U22qB","Staphylinidae_ad",0.247424317122069
"U22qB","Tectocepheidae",0.00498454906816673
"U22qB","Tullbergiidae",0.0220429612706241
"U22qB","Valloniidae",4.89003796618474
"U22qC","Chironomidae_ad",0.243419076687516
"U22qC","Geophilidae",0.104742361324809
"U22qC","Hypogastruridae",0.00930797177829173
"U22qC","Isotomidae_large",0.0339166190652971
"U22qC","Isotomidae_medium",0.00887071388964267
"U22qC","Isotomidae_small",0.00351806211193009
"U22qC","Macrochelidae",0.0728366345423461
"U22qC","Nematocera_larva",0.0700152620065078
"U22qC","Penthaleidae",0.0207037864736418
"U22qC","Prostigmata_juv_undet",0.00171394196958457
"U22qC","Rhodacaridae",0.0057730112352399
"U22qC","Staphylinidae_ad",0.309992868898978
"U22qD","Brachychthoniidae",0.000730756669163391
"U22qD","Ceratozetidae",0.0110587534553994
"U22qD","Geophilidae",0.172304864004386
"U22qD","Hypogastruridae",0.015844726070769
"U22qD","Isotomidae_large",0.0457888484029531
"U22qD","Isotomidae_medium",0.0110287910876282
"U22qD","Laelapidae",0.0213067492396026
"U22qD","Lithobiidae_large",2.52920573351221
"U22qD","Lithobiidae_small",0.139639159945713
"U22qD","Oribatida_juv",0.00300811076615137
"U22qD","Prostigmata_juv_undet",0.00245509366148879
"U22qD","Rhodacaridae",0.0046305111149319
"U22qD","Scutacaridae",0.00144974703037862
"U23qA","Aphididae",0.0638934166299253
"U23qA","Blattisociidae",0.0199273235285391
"U23qA","Isotomidae_large",0.0263909016871261
"U23qA","Isotomidae_medium",0.00867363254813309
"U23qA","Isotomidae_small",0.00305768434578982
"U23qA","Lithobiidae_large",4.52681740427961
"U23qA","Lithobiidae_small",0.10131297204392
"U23qA","Schendylidae",2.10361898632571
"U23qB","Entomobryidae_medium",0.00930797177829173
"U23qB","Isotomidae_large",0.0298641983511657
"U23qB","Isotomidae_medium",0.00952425897112548
"U23qB","Isotomidae_small",0.00326229668629661
"U23qB","Laelapidae",0.0118366321694462
"U23qB","Oppiidae",0.0016212615684289
"U23qB","Prostigmata_juv_undet",0.00361961154390406
"U23qB","Symphyla",0.0489523773582387
"U23qB","Tullbergiidae",0.0107259383324597
"U23qC","Aphididae",0.102494737231224
"U23qC","Autognethidae",0.00498454906816673
"U23qC","Blattisociidae",0.0122242292223409
"U23qC","Hypochthoniidae",0.0153249357764268
"U23qC","Isotomidae_large",0.0336157385194808
"U23qC","Isotomidae_medium",0.00888987341747985
"U23qC","Polydesmidae_small",0.348440412845901
"U23qC","Prostigmata_juv_undet",0.00131923101263436
"U23qC","Scutacaridae",0.000646344794455075
"U23qC","Tullbergiidae",0.02182729911843
"U23qD","Aphididae",0.0936129287148059
"U23qD","Ceratozetidae",0.0110587534553994
"U23qD","Entomobryidae_medium",0.0139944312874158
"U23qD","Isotomidae_large",0.0263909016871261
"U23qD","Isotomidae_medium",0.00878409473429724
"U23qD","Isotomidae_small",0.00351806211193009
"U23qD","Laelapidae",0.0057730112352399
"U23qD","Onychiuridae",0.00351806211193009
"U23qD","Pauropoda",0.0133061510303004
"U23qD","Prostigmata_juv_undet",0.00144974703037862
"U23qD","Staphylinidae_ad",0.259247556243309
"U23qD","Symphyla",0.105477361011074
"U24qA","Elateridae_larva",8.29990185064752
"U24qA","Hypochthoniidae",0.0229683212513385
"U24qA","Hypogastruridae",0.0107259383324597
"U24qA","Isotomidae_medium",0.00963420351793677
"U24qA","Julidae",6.7086175776662
"U24qA","Katiannidae",0.00224458385966968
"U24qA","Laelapidae",0.0207690765044585
"U24qA","Lithobiidae_large",3.33597032122545
"U24qA","Lithobiidae_small",0.377709373026774
"U24qA","Oppiidae",0.00300811076615137
"U24qA","Prostigmata_juv_undet",0.00161636785395929
"U24qA","Protura",0.0109422182557698
"U24qA","Rhodacaridae",0.00518543974479579
"U24qA","Tullbergiidae",0.023348499974662
"U24qB","Blaniulidae_small",0.791018373010449
"U24qB","Brachychthoniidae",0.000730756669163391
"U24qB","Ceratozetidae",0.0110587534553994
"U24qB","Elateridae_larva",1.1627497164993
"U24qB","Entomobryidae_medium",0.0107259383324597
"U24qB","Eupodidae",0.00229177304701698
"U24qB","Geophilidae",0.12495590311654
"U24qB","Hypochthoniidae",0.0274201124947606
"U24qB","Isotomidae_large",0.0263909016871261
"U24qB","Isotomidae_medium",0.00846097775976592
"U24qB","Isotomidae_small",0.00351806211193009
"U24qB","Katiannidae",0.000884406144787571
"U24qB","Lithobiidae_large",1.02821834491039
"U24qB","Lithobiidae_small",0.544933152022648
"U24qB","Oppiidae",0.00286942584637912
"U24qB","Oribatida_juv",0.00117600911879614
"U24qB","Parasitidae",0.172748279186699
"U24qB","Pauropoda",0.0209663264119666
"U24qB","Prostigmata_juv_undet",0.000646344794455075
"U24qB","Protura",0.0185584200097929
"U24qB","Pygmephoridae",0.000646344794455075
"U24qB","Rhagidiidae",0.0248278110806474
"U24qB","Rhodacaridae",0.0159940077598148
"U24qB","Staphylinidae_ad",0.172530704268801
"U24qB","Symphyla",0.0912575655779854
"U24qB","Tectocepheidae",0.00763956240498698
"U24qB","Tydaeidae",0.00119705271453286
"U24qC","Acaridae",0.00300811076615137
"U24qC","Blaniulidae_large",24.0844372922143
"U24qC","Blaniulidae_small",1.20460733497668
"U24qC","Hypochthoniidae",0.0138930501468025
"U24qC","Hypogastruridae",0.0123601848099378
"U24qC","Isotomidae_large",0.0313854993042674
"U24qC","Isotomidae_medium",0.0101009883450766
"U24qC","Katiannidae",0.0019834695581292
"U24qC","Laelapidae",0.00980732327869864
"U24qC","Lithobiidae_large",1.89861887485762
"U24qC","Lithobiidae_small",0.281678056570135
"U24qC","Nematocera_larva",0.0224133455924569
"U24qC","Onychiuridae",0.00980785228195909
"U24qC","Oppiidae",0.00300811076615137
"U24qC","Oribatida_juv",0.000730756669163391
"U24qC","Pauropoda",0.011223236759402
"U24qC","Prostigmata_juv_undet",0.00184718470260566
"U24qC","Rhodacaridae",0.00346996778634666
"U24qC","Scutacaridae",0.000646344794455075
"U24qC","Sminthurididae",0.000884406144787571
"U24qC","Staphylinidae_ad",0.219499136869828
"U24qC","Valloniidae",5.08578812981529
"U24qD","Curculionidae_ad",42.0041062227198
"U24qD","Elateridae_larva",7.06822248234862
"U24qD","Gamasina_juv",0.00220757061623814
"U24qD","Hypochthoniidae",0.0191660445042643
"U24qD","Isotomidae_medium",0.0108701249479998
"U24qD","Katiannidae",0.0019834695581292
"U24qD","Lithobiidae_large",3.52386382880898
"U24qD","Lithobiidae_small",0.306045591195336
"U24qD","Neelidae",0.000884406144787571
"U24qD","Oppiidae",0.00364961761772843
"U24qD","Oribatida_juv",0.00300811076615137
"U24qD","Pauropoda",0.00842256256038934
"U24qD","Prostigmata_juv_undet",0.000499901241263085
"U24qD","Schendylidae",1.90045180732529
"U24qD","Tullbergiidae",0.0139944312874158
"U24qD","Veigaiidae",0.0269263894142542
"U2qA","Aphididae",0.0787924785721241
"U2qA","Ceratozetidae",0.00763956240498698
"U2qA","Elateridae_larva",11.6917933639118
"U2qA","Hypochthoniidae",0.0179217486783074
"U2qA","Hypogastruridae",0.0118310267294418
"U2qA","Isotomidae_large",0.029720633431887
"U2qA","Isotomidae_medium",0.00878409473429724
"U2qA","Laelapidae",0.0269263894142542
"U2qA","Oppiidae",0.0016212615684289
"U2qA","Oribatida_juv",0.00763956240498698
"U2qA","Pauropoda",0.00668858655831929
"U2qA","Prostigmata_juv_undet",0.00859945226758997
"U2qA","Protura",0.0107259383324597
"U2qA","Rhodacaridae",0.0057730112352399
"U2qB","Acaridae",0.00551555173553078
"U2qB","Autognethidae",0.00498454906816673
"U2qB","Blaniulidae_small",0.459512627461713
"U2qB","Campodeidae",0.15335118769898
"U2qB","Ceratozetidae",0.0110587534553994
"U2qB","Entomobryidae_large",0.0263909016871261
"U2qB","Entomobryidae_medium",0.0106345357576351
"U2qB","Hypochthoniidae",0.0340000036419872
"U2qB","Hypogastruridae",0.0176950208541221
"U2qB","Isotomidae_large",0.0631757307432033
"U2qB","Isotomidae_medium",0.010091391999782
"U2qB","Isotomidae_small",0.00351806211193009
"U2qB","Laelapidae",0.0134995824055936
"U2qB","Oppiidae",0.00491372165187497
"U2qB","Oribatida_juv",0.00306584542801542
"U2qB","Pauropoda",0.00997638304212802
"U2qB","Rhagidiidae",0.0189979951372542
"U2qB","Rhodacaridae",0.0118366321694462
"U2qB","Scheloribatidae",0.0267180433340805
"U2qB","Stigmaeidae",0.00697819447372571
"U2qB","Tectocepheidae",0.00763956240498698
"U2qB","Tydaeidae",0.00697819447372571
"U2qC","Acaridae",0.00498454906816673
"U2qC","Aphididae",0.190128038643908
"U2qC","Autognethidae",0.00498454906816673
"U2qC","Blaniulidae_large",32.2374882038441
"U2qC","Ceratozetidae",0.0107658065131603
"U2qC","Entomobryidae_medium",0.0107259383324597
"U2qC","Gamasina_juv",0.00220757061623814
"U2qC","Hypochthoniidae",0.0340000036419872
"U2qC","Hypogastruridae",0.0148586521712769
"U2qC","Isotomidae_large",0.0543653053977627
"U2qC","Isotomidae_medium",0.0135136176646117
"U2qC","Isotomidae_small",0.00351806211193009
"U2qC","Laelapidae",0.00879266883332488
"U2qC","Onychiuridae",0.00351806211193009
"U2qC","Oppiidae",0.00370412165894082
"U2qC","Oribatida_juv",0.00278550567565966
"U2qC","Pauropoda",0.00301419371268018
"U2qC","Prostigmata_juv_undet",0.00156973276000163
"U2qC","Rhagidiidae",0.0143539691305897
"U2qC","Rhodacaridae",0.0057730112352399
"U2qC","Schendylidae",0.775682723269295
"U2qD","Brachychthoniidae",0.0016212615684289
"U2qD","Ceratozetidae",0.0099190231052619
"U2qD","Elateridae_larva",5.19359514390681
"U2qD","Gamasina_juv",0.00168724747684578
"U2qD","Geophilidae",0.146970108842295
"U2qD","Hypochthoniidae",0.0225293785486933
"U2qD","Hypogastruridae",0.0135325566391582
"U2qD","Isotomidae_large",0.0374732024588657
"U2qD","Isotomidae_medium",0.0101089367411778
"U2qD","Laelapidae",0.0109910867983014
"U2qD","Oppiidae",0.00305217824097708
"U2qD","Oribatida_juv",0.000694788921550073
"U2qD","Pauropoda",0.00843192284415517
"U2qD","Prostigmata_juv_undet",0.000802124901436208
"U2qD","Protura",0.00944051284027702
"U2qD","Rhodacaridae",0.00635475231650068
"U2qD","Staphylinidae_ad",0.247410741816628
"U2qD","Tectocepheidae",0.00763956240498698
"U2qD","Tullbergiidae",0.00351806211193009
"U2qD","Tydaeidae",0.00697819447372571
"U3qA","Aphididae",0.0884206336606082
"U3qA","Campodeidae",0.0875468671718849
"U3qA","Entomobryidae_medium",0.0114177817493216
"U3qA","Euphthiracaridae",0.0424394745215006
"U3qA","Eupodidae",0.00697819447372571
"U3qA","Gamasina_juv",0.0118366321694462
"U3qA","Hypochthoniidae",0.0201278976246045
"U3qA","Hypogastruridae",0.00548716789251486
"U3qA","Isotomidae_large",0.0263909016871261
"U3qA","Isotomidae_medium",0.00878404114128654
"U3qA","Laelapidae",0.0303856534620188
"U3qA","Lithobiidae_large",5.36754163153338
"U3qA","Oppiidae",0.0016212615684289
"U3qA","Oribatida_juv",0.00498454906816673
"U3qA","Pauropoda",0.00789000522412372
"U3qA","Prostigmata_juv_undet",0.00144974703037862
"U3qA","Protura",0.0140304390537129
"U3qA","Rhagidiidae",0.00452643703247195
"U3qA","Rhodacaridae",0.0047447611269627
"U3qA","Symphyla",0.0646671745403937
"U3qA","Tectocepheidae",0.00763956240498698
"U3qB","Aphididae",0.270020392198737
"U3qB","Ceratozetidae",0.0153249357764268
"U3qB","Entomobryidae_large",0.0263909016871261
"U3qB","Entomobryidae_medium",0.0118154359841118
"U3qB","Hypogastruridae",0.00351806211193009
"U3qB","Isotomidae_large",0.0783929798622965
"U3qB","Isotomidae_medium",0.00853913113291666
"U3qB","Laelapidae",0.0139153199646305
"U3qB","Oppiidae",0.00300811076615137
"U3qB","Oribatida_juv",0.00150994845602071
"U3qB","Protura",0.0127925130391229
"U3qB","Rhodacaridae",0.0037165110186855
"U3qB","Tectocepheidae",0.00763956240498698
"U3qC","Aphididae",0.170683517156731
"U3qC","Entomobryidae_medium",0.00789000522412372
"U3qC","Hypochthoniidae",0.0340000036419872
"U3qC","Isotomidae_large",0.0263909016871261
"U3qC","Isotomidae_medium",0.0102452636801166
"U3qC","Onychiuridae",0.00548716789251486
"U3qC","Oppiidae",0.00763956240498698
"U3qC","Prostigmata_juv_undet",0.00204688999816844
"U3qC","Rhagidiidae",0.0248278110806474
"U3qC","Symphyla",0.0368107916792448
"U3qD","Blaniulidae_large",36.6838927654832
"U3qD","Campodeidae",0.257984234075551
"U3qD","Entomobryidae_medium",0.0139944312874158
"U3qD","Hypochthoniidae",0.0256946426941048
"U3qD","Hypogastruridae",0.0139944312874158
"U3qD","Isotomidae_medium",0.0109421719322828
"U3qD","Isotomidae_small",0.0019834695581292
"U3qD","Laelapidae",0.0209998505447389
"U3qD","Lithobiidae_small",0.101351036383462
"U3qD","Nematocera_larva",0.170183734142875
"U3qD","Oppiidae",0.00572941189070832
"U3qD","Oribatida_juv",0.00148987470149272
"U3qD","Prostigmata_juv_undet",0.000646344794455075
"U3qD","Protura",0.0127086387652117
"U3qD","Sminthurididae",0.000884406144787571
"U3qD","Symphyla",0.0207537793203887
"U4qA","Acaridae",0.00763956240498698
"U4qA","Brachychthoniidae",0.00121089040846567
"U4qA","Ceratozetidae",0.0124808142290752
"U4qA","Entomobryidae_large",0.0527400923942668
"U4qA","Entomobryidae_medium",0.00930797177829173
"U4qA","Eupodidae",0.0079525417991232
"U4qA","Geophilidae",0.121715614527362
"U4qA","Hypogastruridae",0.00868623760179153
"U4qA","Isotomidae_large",0.0601077122847676
"U4qA","Isotomidae_medium",0.0106034356561759
"U4qA","Isotomidae_small",0.00351806211193009
"U4qA","Laelapidae",0.0269263894142542
"U4qA","Lithobiidae_large",2.57021439495276
"U4qA","Lithobiidae_small",0.300460225496369
"U4qA","Oppiidae",0.00280265162574804
"U4qA","Oribatida_juv",0.00304371699121397
"U4qA","Prostigmata_juv_undet",0.00268287592156294
"U4qA","Protura",0.0131367819508766
"U4qA","Rhagidiidae",0.0135128064919485
"U4qA","Rhodacaridae",0.00494018784594729
"U4qA","Staphylinidae_ad",0.258264476105855
"U4qA","Tectocepheidae",0.00710855973762293
"U4qA","Tydaeidae",0.00452643703247195
"U4qA","Valloniidae",3.43833602355177
"U4qB","Acaridae",0.00697580907078192
"U4qB","Campodeidae",0.99898039916874
"U4qB","Entomobryidae_medium",0.0086772667699806
"U4qB","Hypochthoniidae",0.0284991789618661
"U4qB","Isotomidae_large",0.0546472382505365
"U4qB","Isotomidae_medium",0.0149505567152173
"U4qB","Oppiidae",0.00278969983703616
"U4qB","Oribatida_juv",0.0016212615684289
"U4qB","Prostigmata_juv_undet",0.00192058609567268
"U4qB","Protura",0.00789000522412372
"U4qB","Rhagidiidae",0.0316992298610638
"U4qB","Schendylidae",1.2559892843
"U4qB","Sminthurididae",0.0019834695581292
"U4qB","Tectocepheidae",0.00763956240498698
"U4qC","Entomobryidae_medium",0.0139944312874158
"U4qC","Eupodidae",0.00452643703247195
"U4qC","Gamasina_juv",0.0037165110186855
"U4qC","Geophilidae",0.172338146689078
"U4qC","Hypochthoniidae",0.0340000036419872
"U4qC","Hypogastruridae",0.0113529413297795
"U4qC","Isotomidae_large",0.0477341646465306
"U4qC","Isotomidae_medium",0.0106502481813956
"U4qC","Isotomidae_small",0.00351806211193009
"U4qC","Katiannidae",0.0026963951937266
"U4qC","Lithobiidae_small",0.218759163736002
"U4qC","Onychiuridae",0.00548716789251486
"U4qC","Oribatida_juv",0.00903814863366317
"U4qC","Prostigmata_juv_undet",0.00104804591241685
"U4qC","Protura",0.0115025282640886
"U4qC","Scutacaridae",0.000646344794455075
"U4qC","Tectocepheidae",0.00763956240498698
"U4qD","Aphididae",0.161688031215452
"U4qD","Blaniulidae_small",0.966663803739641
"U4qD","Ceratozetidae",0.0153249357764268
"U4qD","Entomobryidae_medium",0.00749605691314738
"U4qD","Hypochthoniidae",0.0263145908694941
"U4qD","Hypogastruridae",0.0117352742569923
"U4qD","Isotomidae_large",0.0556681777715286
"U4qD","Isotomidae_medium",0.00991841438462094
"U4qD","Laelapidae",0.0134808220681655
"U4qD","Onychiuridae",0.00839015640773989
"U4qD","Oppiidae",0.00300811076615137
"U4qD","Oribatida_juv",0.00231468616729013
"U4qD","Polydesmidae_large",5.92850126436753
"U4qD","Polydesmidae_small",0.781668942490717
"U4qD","Protura",0.0125378565505132
"U4qD","Schendylidae",1.31496921601353
"U4qD","Staphylinidae_ad",0.259247556243309
"U4qD","Tectocepheidae",0.00763956240498698
"U5qA","Blaniulidae_small",1.9782770838316
"U5qA","Eupodidae",0.00697819447372571
"U5qA","Ferussaciidae",1.90910918071865
"U5qA","Hypogastruridae",0.0176950208541221
"U5qA","Isotomidae_medium",0.00745274733547467
"U5qA","Isotomidae_small",0.00351806211193009
"U5qA","Julidae",20.7783368442036
"U5qA","Lithobiidae_large",3.77320011726018
"U5qA","Lithobiidae_small",0.186223640248002
"U5qA","Oppiidae",0.00300811076615137
"U5qA","Prostigmata_juv_undet",0.00139245278923036
"U5qA","Rhagidiidae",0.0141325567699785
"U5qA","Rhodacaridae",0.0057730112352399
"U5qA","Schendylidae",0.841864660284763
"U5qA","Symphyla",0.135424268147453
"U5qA","Tectocepheidae",0.00763956240498698
"U5qA","Veigaiidae",0.0159940077598148
"U5qB","Arrhopalitidae",0.00351806211193009
"U5qB","Elateridae_larva",1.85832034416145
"U5qB","Eupodidae",0.00697819447372571
"U5qB","Isotomidae_large",0.038608650825025
"U5qB","Isotomidae_medium",0.00943769340879076
"U5qB","Laelapidae",0.0198398711641704
"U5qB","Oribatida_juv",0.000730756669163391
"U5qB","Prostigmata_juv_undet",0.000646344794455075
"U5qB","Rhagidiidae",0.0189979951372542
"U5qB","Rhodacaridae",0.0057730112352399
"U5qB","Schendylidae",3.83275835693749
"U5qB","Symphyla",0.0396848613066146
"U5qC","Blaniulidae_large",15.5893914523728
"U5qC","Blaniulidae_small",1.44476935564908
"U5qC","Geophilidae",0.141972751729394
"U5qC","Isotomidae_large",0.0263909016871261
"U5qC","Isotomidae_medium",0.00948094939345277
"U5qC","Isotomidae_small",0.00351806211193009
"U5qC","Lithobiidae_large",3.08600164864277
"U5qC","Lithobiidae_small",0.575838828339435
"U5qC","Onychiuridae",0.0107259383324597
"U5qC","Oppiidae",0.00350222034165521
"U5qC","Oribatida_juv",0.000730756669163391
"U5qC","Parasitidae",0.0728366345423461
"U5qC","Prostigmata_juv_undet",0.00145990009510763
"U5qC","Protura",0.00934880180656916
"U5qC","Rhodacaridae",0.0057730112352399
"U5qC","Schendylidae",1.3450536193581
"U5qC","Stigmaeidae",0.0141325567699785
"U5qC","Symphyla",0.207870324548079
"U5qC","Tullbergiidae",0.00548716789251486
"U5qD","Elateridae_larva",8.0815692480265
"U5qD","Gamasina_juv",0.0037165110186855
"U5qD","Isotomidae_large",0.0321028806373834
"U5qD","Isotomidae_medium",0.00981938653907857
"U5qD","Isotomidae_small",0.00351806211193009
"U5qD","Lithobiidae_small",0.57799953113203
"U5qD","Oppiidae",0.00254582770024388
"U5qD","Prostigmata_juv_undet",0.000499901241263085
"U5qD","Protura",0.0128025123639588
"U5qD","Rhodacaridae",0.00401029676390756
"U5qD","Valloniidae",3.46419592723099
"U5qD","Veigaiidae",0.0269263894142542
"U6qA","Aphididae",0.1830351246342
"U6qA","Blaniulidae_large",29.335053749837
"U6qA","Campodeidae",0.257669204709443
"U6qA","Ceratozetidae",0.0099190231052619
"U6qA","Entomobryidae_medium",0.0107259383324597
"U6qA","Geophilidae",0.154945165515798
"U6qA","Hypochthoniidae",0.0243530506637793
"U6qA","Hypogastruridae",0.0134810808916712
"U6qA","Isotomidae_large",0.0366986360413328
"U6qA","Isotomidae_medium",0.0148209277316923
"U6qA","Isotomidae_small",0.00351806211193009
"U6qA","Katiannidae",0.00444835386005849
"U6qA","Laelapidae",0.0118366321694462
"U6qA","Onychiuridae",0.0148586521712769
"U6qA","Oppiidae",0.00254582770024388
"U6qA","Oribatida_juv",0.00196119553909124
"U6qA","Prostigmata_juv_undet",0.000914145539762922
"U6qA","Staphylinidae_ad",0.259247556243309
"U6qA","Symphyla",0.0505910308350465
"U6qB","Ceratozetidae",0.0110587534553994
"U6qB","Entomobryidae_medium",0.0136162109262947
"U6qB","Geophilidae",0.0708443983189603
"U6qB","Hypogastruridae",0.0119419865326282
"U6qB","Isotomidae_large",0.0413831007442428
"U6qB","Isotomidae_medium",0.0109181290684687
"U6qB","Isotomidae_small",0.00305768434578982
"U6qB","Laelapidae",0.0118366321694462
"U6qB","Lithobiidae_small",0.0629140665164052
"U6qB","Oribatida_juv",0.00106469600638796
"U6qB","Polydesmidae_small",0.707672973032519
"U6qB","Prostigmata_juv_undet",0.000207014134879104
"U6qB","Rhagidiidae",0.0141325567699785
"U6qB","Rhodacaridae",0.00356561697844076
"U6qB","Schendylidae",3.72073363538355
"U6qB","Stigmaeidae",0.00452643703247195
"U6qB","Tullbergiidae",0.0169542815070393
"U6qC","Ceratozetidae",0.00934915793019317
"U6qC","Entomobryidae_medium",0.0136000833104487
"U6qC","Gamasina_juv",0.00399029092573902
"U6qC","Hypogastruridae",0.00351806211193009
"U6qC","Isotomidae_large",0.0453353514780116
"U6qC","Isotomidae_medium",0.00895712594246899
"U6qC","Laelapidae",0.0199785638696557
"U6qC","Lithobiidae_large",2.16628159409772
"U6qC","Lithobiidae_small",0.259905843742286
"U6qC","Oppiidae",0.0016212615684289
"U6qC","Oribatida_juv",0.00463041198670794
"U6qC","Pauropoda",0.0131367819508766
"U6qC","Polydesmidae_small",0.826213044265031
"U6qC","Prostigmata_juv_undet",0.000447308928461316
"U6qC","Protura",0.00548716789251486
"U6qC","Rhagidiidae",0.0141325567699785
"U6qC","Rhodacaridae",0.0037165110186855
"U6qC","Sminthurididae",0.0019834695581292
"U6qC","Symphyla",0.0628136819778948
"U6qC","Tullbergiidae",0.00789000522412372
"U6qD","Aphididae",0.332813093941283
"U6qD","Ceratozetidae",0.0103749152453169
"U6qD","Entomobryidae_medium",0.0124920494790445
"U6qD","Geophilidae",0.140980018814739
"U6qD","Hypochthoniidae",0.0228158592380196
"U6qD","Hypogastruridae",0.00943784691829917
"U6qD","Isotomidae_large",0.0315700827719115
"U6qD","Isotomidae_medium",0.00830347367496477
"U6qD","Isotomidae_small",0.00249500040939616
"U6qD","Laelapidae",0.0118366321694462
"U6qD","Onychiuridae",0.0127922952518683
"U6qD","Oppiidae",0.00300811076615137
"U6qD","Oribatida_juv",0.00203731632774564
"U6qD","Prostigmata_juv_undet",0.00104804591241685
"U6qD","Rhodacaridae",0.0108835094975274
"U6qD","Scutacaridae",0.000646344794455075
"U6qD","Symphyla",0.0726415172868649
"U6qD","Tectocepheidae",0.00763956240498698
"U7qA","Entomobryidae_medium",0.00930797177829173
"U7qA","Geophilidae",0.144975122008957
"U7qA","Hypochthoniidae",0.0173379729139998
"U7qA","Isotomidae_large",0.114699585735366
"U7qA","Isotomidae_medium",0.0155158895794352
"U7qA","Laelapidae",0.00845445068486696
"U7qA","Lithobiidae_large",4.99193972567167
"U7qA","Lithobiidae_small",0.114445392179563
"U7qA","Onychiuridae",0.00679701944607531
"U7qA","Oppiidae",0.00300811076615137
"U7qA","Oribatida_juv",0.000730756669163391
"U7qA","Parasitidae",0.0418258812718156
"U7qA","Polydesmidae_small",0.766720536975503
"U7qA","Prostigmata_juv_undet",0.00298809203142528
"U7qA","Protura",0.0131457861617838
"U7qA","Rhagidiidae",0.0316992298610638
"U7qA","Rhodacaridae",0.0057730112352399
"U7qA","Schendylidae",1.16733837705887
"U7qA","Scutacaridae",0.000646344794455075
"U7qA","Tectocepheidae",0.00763956240498698
"U7qA","Tullbergiidae",0.0142104795932909
"U7qB","Blaniulidae_small",0.249578561161552
"U7qB","Ceratozetidae",0.00763956240498698
"U7qB","Entomobryidae_large",0.0313854993042674
"U7qB","Entomobryidae_medium",0.0176950208541221
"U7qB","Gamasina_juv",0.00845445068486696
"U7qB","Hypochthoniidae",0.0263529202464579
"U7qB","Hypogastruridae",0.00789000522412372
"U7qB","Isotomidae_large",0.0619630376552942
"U7qB","Isotomidae_medium",0.0118794175106206
"U7qB","Neelidae",0.000884406144787571
"U7qB","Onychiuridae",0.00431926844771964
"U7qB","Oppiidae",0.00231468616729013
"U7qB","Oribatida_juv",0.00343578200053607
"U7qB","Polydesmidae_small",0.783781975572112
"U7qB","Prostigmata_juv_undet",0.000207014134879104
"U7qB","Protura",0.00351806211193009
"U7qB","Pygmephoridae",0.000646344794455075
"U7qB","Rhodacaridae",0.0159940077598148
"U7qB","Schendylidae",1.15667636308768
"U7qB","Scutacaridae",0.000207014134879104
"U7qB","Staphylinidae_ad",0.259247556243309
"U7qB","Tectocepheidae",0.00763956240498698
"U7qB","Tullbergiidae",0.0120525486352901
"U7qC","Isotomidae_large",0.0368107916792448
"U7qC","Isotomidae_medium",0.0107259383324597
"U7qC","Lithobiidae_large",3.06260908439957
"U7qC","Lithobiidae_small",0.491291772250245
"U7qC","Onychiuridae",0.0019834695581292
"U7qC","Oppiidae",0.00157569171886044
"U7qC","Oribatida_juv",0.00149279501842149
"U7qC","Pauropoda",0.0229277765152981
"U7qC","Prostigmata_juv_undet",0.00247531036440973
"U7qC","Protura",0.0112788423858015
"U7qC","Rhodacaridae",0.0037165110186855
"U7qC","Schendylidae",2.62242842267962
"U7qC","Staphylinidae_ad",0.252111507654871
"U7qC","Symphyla",0.0591872302295776
"U7qC","Tullbergiidae",0.0114881698512067
"U7qD","Brachychthoniidae",0.0016212615684289
"U7qD","Gamasina_juv",0.0037165110186855
"U7qD","Isotomidae_medium",0.0100328040719796
"U7qD","Laelapidae",0.0239631199794966
"U7qD","Lithobiidae_large",6.59706233192535
"U7qD","Lithobiidae_small",0.118081824309234
"U7qD","Neelidae",0.000884406144787571
"U7qD","Onychiuridae",0.00351806211193009
"U7qD","Oppiidae",0.0016212615684289
"U7qD","Oribatida_juv",0.00084206978157158
"U7qD","Pauropoda",0.0122766131864051
"U7qD","Prostigmata_juv_undet",0.00103550273187878
"U7qD","Protura",0.0101772595935521
"U7qD","Rhodacaridae",0.0184969291522769
"U7qD","Schendylidae",2.49010355181483
"U7qD","Sminthurididae",0.00275076583502964
"U7qD","Staphylinidae_ad",0.261188519838353
"U7qD","Symphyla",0.0474604051091831
"U7qD","Tullbergiidae",0.0130451409480028
"U7qD","Veigaiidae",0.0335750629060829
"U8qA","Chironomidae_ad",0.271190569503795
"U8qA","Entomobryidae_medium",0.00789000522412372
"U8qA","Geophilidae",0.114902269035678
"U8qA","Hypogastruridae",0.00548716789251486
"U8qA","Isotomidae_medium",0.00897959219746027
"U8qA","Isotomidae_small",0.00307960709655841
"U8qA","Laelapidae",0.0146082158963586
"U8qA","Lithobiidae_large",2.23275292907602
"U8qA","Lithobiidae_small",0.48921021224432
"U8qA","Macrochelidae",0.0101455414271566
"U8qA","Nematocera_larva",0.139107600771843
"U8qA","Oribatida_juv",0.0016212615684289
"U8qA","Penthaleidae",0.0141325567699785
"U8qA","Prostigmata_juv_undet",0.00131584665772469
"U8qA","Rhodacaridae",0.0047447611269627
"U8qB","Autognethidae",0.00498454906816673
"U8qB","Ceratozetidae",0.00763956240498698
"U8qB","Coccidae",0.0889294454762147
"U8qB","Hypochthoniidae",0.0233285362902384
"U8qB","Isotomidae_large",0.0343254834645829
"U8qB","Isotomidae_medium",0.0114418654045506
"U8qB","Isotomidae_small",0.00351806211193009
"U8qB","Laelapidae",0.0139153199646305
"U8qB","Onychiuridae",0.00758267606849281
"U8qB","Oppiidae",0.00231468616729013
"U8qB","Oribatida_juv",0.0016212615684289
"U8qB","Pauropoda",0.00351806211193009
"U8qB","Polydesmidae_small",0.482839560683153
"U8qB","Prostigmata_juv_undet",0.00117109418484481
"U8qB","Protoribatidae",0.00763956240498698
"U8qB","Protura",0.00789000522412372
"U8qB","Rhagidiidae",0.0174902894628975
"U8qB","Rhodacaridae",0.0057730112352399
"U8qB","Scutacaridae",0.000646344794455075
"U8qB","Tullbergiidae",0.00992481391188776
"U8qC","Chironomidae_ad",0.136434983099368
"U8qC","Elateridae_larva",4.65392975034613
"U8qC","Gamasina_juv",0.00845445068486696
"U8qC","Isotomidae_large",0.0373846902415365
"U8qC","Isotomidae_medium",0.0112257652431164
"U8qC","Isotomidae_small",0.00351806211193009
"U8qC","Laelapidae",0.0269263894142542
"U8qC","Lithobiidae_large",2.30160898095803
"U8qC","Lithobiidae_small",0.0990012982780894
"U8qC","Neelidae",0.0019834695581292
"U8qC","Nematocera_larva",0.033579148017817
"U8qC","Oppiidae",0.0016212615684289
"U8qC","Prostigmata_juv_undet",0.000536512129561082
"U8qC","Protura",0.00696864068639787
"U8qC","Rhodacaridae",0.0054302611991475
"U8qC","Schendylidae",1.83255281392233
"U8qC","Stigmaeidae",0.000646344794455075
"U8qC","Tullbergiidae",0.0142536076716362
"U8qD","Autognethidae",0.00498454906816673
"U8qD","Blaniulidae_small",0.771067482924264
"U8qD","Brachychthoniidae",0.000730756669163391
"U8qD","Campodeidae",0.185840859498132
"U8qD","Ceratozetidae",0.00763956240498698
"U8qD","Curculionidae_ad",4.28145410549113
"U8qD","Elateridae_larva",7.70470932016013
"U8qD","Hypochthoniidae",0.024662469709207
"U8qD","Isotomidae_large",0.0415252614249974
"U8qD","Isotomidae_medium",0.00987515839995893
"U8qD","Laelapidae",0.0269263894142542
"U8qD","Lithobiidae_small",0.549988388356767
"U8qD","Nematocera_larva",0.0744203515482101
"U8qD","Onychiuridae",0.00557391420271968
"U8qD","Oppiidae",0.0016212615684289
"U8qD","Oribatida_juv",0.00217600124751788
"U8qD","Pauropoda",0.00604724177343567
"U8qD","Prostigmata_juv_undet",0.00181721841294018
"U8qD","Protura",0.0108479428273151
"U8qD","Rhagidiidae",0.0248278110806474
"U8qD","Rhodacaridae",0.0050875111630551
"U8qD","Schendylidae",1.95720039780921
"U8qD","Scutacaridae",0.00140677634951742
"U8qD","Staphylinidae_ad",0.247424317122069
"U8qD","Tectocepheidae",0.00763956240498698
"U8qD","Tullbergiidae",0.00548716789251486
"U9qA","Aphididae",0.177574365999235
"U9qA","Entomobryidae_medium",0.00789000522412372
"U9qA","Isotomidae_large",0.0313854993042674
"U9qA","Isotomidae_medium",0.00967813065146006
"U9qA","Isotomidae_small",0.00351806211193009
"U9qA","Laelapidae",0.0341990627319511
"U9qA","Lithobiidae_large",3.10793204732729
"U9qA","Lithobiidae_small",0.140246794017934
"U9qA","Oppiidae",0.0016212615684289
"U9qA","Oribatida_juv",0.00300811076615137
"U9qA","Penthaleidae",0.0101527678451476
"U9qA","Pygmephoridae",0.00271278605533616
"U9qA","Rhodacaridae",0.00687513746280647
"U9qA","Staphylinidae_ad",0.270968927853165
"U9qA","Tectocepheidae",0.00498454906816673
"U9qA","Tullbergiidae",0.0113442118647535
"U9qB","Blaniulidae_large",13.9725600626112
"U9qB","Blaniulidae_small",1.2116557312854
"U9qB","Campodeidae",0.513342802512824
"U9qB","Ceratozetidae",0.00763956240498698
"U9qB","Entomobryidae_medium",0.0117256993397945
"U9qB","Gamasina_juv",0.00220757061623814
"U9qB","Geophilidae",0.135930351478062
"U9qB","Hypogastruridae",0.0101587517107925
"U9qB","Isotomidae_large",0.0647281471579863
"U9qB","Isotomidae_medium",0.0105504618215377
"U9qB","Isotomidae_small",0.00351806211193009
"U9qB","Laelapidae",0.0338449175097835
"U9qB","Lithobiidae_large",4.65433937237349
"U9qB","Lithobiidae_small",0.0885745311122453
"U9qB","Onychiuridae",0.00798356347298787
"U9qB","Oppiidae",0.002800083386493
"U9qB","Parasitidae",0.0612531027837106
"U9qB","Pauropoda",0.0106131305892337
"U9qB","Prostigmata_juv_undet",0.00258639091346351
"U9qB","Protura",0.00351806211193009
"U9qB","Rhodacaridae",0.00321353088453638
"U9qB","Scheloribatidae",0.0424394745215006
"U9qB","Schendylidae",2.03598166350753
"U9qB","Scutacaridae",0.000646344794455075
"U9qB","Sminthurididae",0.000884406144787571
"U9qB","Stigmaeidae",0.00777183781658117
"U9qB","Symphyla",0.0489523773582387
"U9qB","Tectocepheidae",0.00763956240498698
"U9qC","Autognethidae",0.00498454906816673
"U9qC","Blaniulidae_large",19.5102926768527
"U9qC","Brachychthoniidae",0.0016212615684289
"U9qC","Entomobryidae_medium",0.0176950208541221
"U9qC","Gamasina_juv",0.00778715956561152
"U9qC","Hypogastruridae",0.00991654052344489
"U9qC","Isotomidae_large",0.0367945630483409
"U9qC","Isotomidae_medium",0.0122808340982874
"U9qC","Isotomidae_small",0.00351806211193009
"U9qC","Laelapidae",0.00893761946837827
"U9qC","Lithobiidae_large",1.98808368046494
"U9qC","Lithobiidae_small",0.201954028432657
"U9qC","Onychiuridae",0.00965008664527864
"U9qC","Oppiidae",0.00236091447388088
"U9qC","Oribatida_juv",0.00382126310722362
"U9qC","Parasitidae",0.0612531027837106
"U9qC","Pauropoda",0.00571299270496954
"U9qC","Prostigmata_juv_undet",0.000534574724724758
"U9qC","Protura",0.0139944312874158
"U9qC","Rhagidiidae",0.0189979951372542
"U9qC","Rhodacaridae",0.0037165110186855
"U9qC","Scheloribatidae",0.0303590234880338
"U9qC","Schendylidae",3.46496629194103
"U9qC","Scutacaridae",0.000931423007202138
"U9qC","Symphyla",0.0924645572055015
"U9qC","Tectocepheidae",0.00763956240498698
"U9qC","Tullbergiidae",0.00912386813468481
"U9qD","Aphididae",0.154848421311339
"U9qD","Isotomidae_large",0.0517574552853488
"U9qD","Isotomidae_medium",0.00934641082158336
"U9qD","Laelapidae",0.0239631199794966
"U9qD","Neelidae",0.00113191303873642
"U9qD","Oppiidae",0.0016212615684289
"U9qD","Oribatida_juv",0.00498454906816673
"U9qD","Pauropoda",0.00859448716662935
"U9qD","Prostigmata_juv_undet",0.00118194628507077
"U9qD","Protura",0.0115160417897593
"U9qD","Rhodacaridae",0.00740591049684401
"U9qD","Symphyla",0.0557645746430154
"U9qD","Tectocepheidae",0.00763956240498698
